"Sample ID,""Project"",""Well"",""Index 1"",""Index 2"""
"MG167,""RAD"",""A05"",""P7i5 - GTAGAGGA"",""P5i13 - TAGATCGC"""
"MG190,""RAD"",""A06"",""P7i6 - TAGGCATG"",""P5i13 - TAGATCGC"""
"MG169,""RAD"",""B07"",""P7i7 - CTCTCTAC"",""P5i14 - CTCTCTAT"""
"MG166,""RAD"",""C04"",""P7i4 - TCCTGAGC"",""P5i15 - TATCCTCT"""
"MG170,""RAD"",""C08"",""P7i8 - CAGAGAGG"",""P5i15 - TATCCTCT"""
"MG186,""RAD"",""C12"",""P7i12 - GGACTCCT"",""P5i15 - TATCCTCT"""
"MG161,""RAD"",""D04"",""P7i4 - TCCTGAGC"",""P5i16 - AGAGTAGA"""
"MG172,""RAD"",""D09"",""P7i9 - GCTACGCT"",""P5i16 - AGAGTAGA"""
"MG176,""RAD"",""E11"",""P7i11 - AAGAGGCA"",""P5i17 - GTAAGGAG"""
"MG173,""RAD"",""F10"",""P7i10 - CGAGGCTG"",""P5i18 - ACTGCATA"""
"MG162,""RAD"",""H05"",""P7i5 - GTAGAGGA"",""P5i20 - CTAAGCCT"""
